number,a_text
1,"生命保険に加入する目的を明らかにすることが大切です
生命保険の主な機能には、万一の場合の死亡保障機能、病気やケガの入院費用や治療費用に対する保障機能、子供の教育資金や老後の生活資金といった長期的な貯蓄機能などがあります。生命保険を選ぶポイントは、家族構成や将来の生活設計から見て、必要な保障が必要な期間カバーされているか、という点にあります。そこで、保険商品を決定する際には、以下の点をチェックすることが重要です。ポイント1：自分や家族の必要とする保障が何かを確認します。保障ニーズを明らかにすることで、利用する生命保険の「主契約」と付加する「特約」の種類が絞られてきます。既に加入している生命保険があれば、その内容も確認します。ポイント2：保障を必要とする期間はいつまでかを考えます。ポイント3：保険金や給付金の額は適切かどうかを考えます。ポイント4：保険料の払込期間と払込金額は適切かどうかを考えます。あなたの保障ニーズは？※下図の「対応する主な保険種類（主契約）」の各項目は、該当する「主契約の種類」の各ページにリンクしています。保障ニーズの例保障期間・ニーズの内容対応する主な保険種類（主契約）死亡保障[死亡した場合の遺族保障]保障期間は一定の時期までで良い定期保険満期保険金を受け取りたい養老保険変額保険(有期型)保障期間は一生涯にしたい終身保険利率変動型積立終身保険変額保険(終身型)遺族保障と三大疾病の医療保障死亡とがん・急性心筋梗塞・脳卒中に備えたい特定疾病保障保険医療保障病気やケガに備えたい医療保険がんに備えたいがん保険就業不能保障長期入院時などの収入減少に備えたい就業不能保障保険介護保障介護に備えたい介護保険老後保障老後の生活費を確保したい個人年金保険変額個人年金保険保険種類の詳細については、生命保険会社・営業職員・保険代理店にご確認ください。※主契約と同じ内容で、特約として取り扱われているものもあります。"
2,"家族構成・現在の収入・資産状況・子どもの年齢などによって異なります
一家の働き手が死亡した場合、遺族保障のために必要な金額は、家族構成・現在の収入・資産状況・子どもの年齢などによって異なります。 一般的に参考にされるのは、いざという時に必要な遺族の生活費や別途必要資金の総額から、遺族年金・死亡退職金・預貯金などのあてにできる収入を差し引き、その不足分を必要保障額とする考え方です。これは「必要保障額積み上げ方式」と呼ばれ、 不足分については生命保険などで準備することになります。必要保障額積み上げ方式「必要保障額積み上げ方式」の算定は、次の5つのステップに従って行います。ステップ1：末子独立までの遺族の生活費の計算現在の生活水準をもとに、遺族が年間どのくらいの生活費を必要とするかを見積もります。末子が独立するまでの期間は、現在の生活費（消費支出）の約70％を目安とします。現在の年間生活費 × 70％ × （末子の独立時年齢 － 末子の現在年齢）ステップ2：末子独立後の配偶者の生活費の計算末子の独立後、配偶者が一人で平均余命まで生活する期間は、現在の生活費（消費支出）の約50％を目安とします。現在の年間生活費 × 50％ × 末子独立時の配偶者の平均余命関連データ：「主な年齢の平均余命」ステップ3：別途必要資金の計算子どもの教育資金や結婚資金（親の援助額）、住居費用、葬儀費用、相続費用、予備費など生活費以外で別途まとまって必要になる資金を見積もります。関連データ：「幼稚園の教育費」「小学校の教育費」「中学校の教育費」「高校の教育費」「大学の教育費」関連データ：「結婚費用の援助」関連データ：「リフォームの検討時期・工事費用の目安」関連データ：「葬儀費用」「墓地・墓石関係費用」ステップ4：収入見込遺族年金、死亡退職金や預貯金などの収入を見積もります。社会保障（遺族年金など）企業保障（会社員などの場合、死亡退職金・弔慰金など）自己資産（預貯金、有価証券、売却可能資産など）その他収入見込（配偶者の勤労収入など）生命保険（既加入分）関連データ：「遺族年金のめやす」関連データ：「1世帯あたりの金融資産」ステップ5：必要保障額の算定ステップ1からステップ4までの各数値から必要保障額を算定します。必要保障額（死亡保障の不足額＜目安＞）＝ 末子独立までの遺族の生活費 ＋ 末子独立後の配偶者の生活費 ＋ 別途必要資金 － 収入見込具体的な必要保障額の計算例「万一に備えるための保障額の具体例は？」"
3,"特別条件付きなどで契約できたり、限定告知型保険などを選ぶ方法もあります
現在の健康状態や過去の傷病歴などによっては、契約できない場合があります。生命保険は多数の人々がそれぞれの危険度（給付が生じる可能性の程度）に見合った保険料を出し合って保障しあう制度です。もし、健康状態の良くない人などが同じ条件で契約すると、契約者間での公平性が保てなくなります。そこで契約する際には、生命保険会社が申し込みを引き受けるかどうか判断できるよう、契約者（または被保険者）は被保険者の現在の健康状態、過去の傷病歴、職業などの事実をありのまま告知する義務（告知義務）があります。その結果、健康などに問題があった場合、生命保険会社ではその申し込みを引き受けないこともあります。ただし、その症状が治療を受けるほどでもない人や、病気が完治して一定の年数を経過した人などは無条件で契約できる場合があります。また、割増保険料や保険金の削減（※）など、特別条件を付けることにより契約できる場合があります。さらに、医療関係の特約を主契約に付加するケースでは、「特定部位不担保」という条件付きで契約できる場合もあります。これは、例えば3年前に胃かいようで入院したが、現在は完治しているという人に対して、特約は付けられるが、「胃」の病気で入院した場合は、入院給付金や手術給付金を契約時から一定期間内は支払わないというように、身体の一部分(部位)を特約の対象から外す（不担保にする）方法です。なお、健康状態に不安があっても契約しやすい限定告知型や引受基準緩和型などと呼ばれる保険（医療保険や終身保険など）、告知や診査が不要な無選択型の保険（終身保険や個人年金保険など）を取り扱う生命保険会社もあります。※保険金の削減被保険者が契約時から一定期間内（5年を超えることはありません）に死亡したときは、経過年数に応じた死亡保険金額を削減して支払うことです。したがって削減期間が過ぎてからの死亡については、保険金額全額が受け取れます。なお、不慮の事故などによる死亡・高度障害の場合は、削減期間中であっても保険金の全額が受け取れます。関連項目「Q.告知や医師の調査なしで契約できる生命保険とは？」「Q.健康状態に不安がある人でも、契約できる医療保険とは？」"
4,"生命保険会社に連絡して、改めて告知をし直す必要があります
告知を忘れていると保険金や給付金が受け取れない場合がありますので、生命保険会社に連絡して、改めて告知をし直す必要があります。生命保険を契約する際、契約者または被保険者は、過去の傷病歴（傷病名や治療期間など）、現在の健康状態、現在の職業などについて、告知書や生命保険会社の指定した医師の質問に、事実をありのまま告げる「告知義務」があります。故意または重大な過失で、事実を告知しなかったり、事実と異なる告知をしたなどの「告知義務違反」があった場合は、営業職員などから告知を妨げられたり、告知をしないことを勧められたときなどを除き、告知義務違反により契約・特約が解除となり、保険金・給付金が受け取れないことがあります（告知義務違反となった事実と支払事由との間に因果関係が認められない場合は受け取れます）。告知する相手は、生命保険会社（告知書）もしくは生命保険会社が指定した医師です。営業職員や保険代理店の担当者、生命保険面接士などに健康状態や傷病歴などを口頭で告げても告知したことにはなりません。告知義務違反について告知義務違反があった場合、責任開始日（復活の場合は復活日）から2年以内※であれば、生命保険会社は契約を解除することができます。※保険法では告知義務違反による解除について、「生命保険契約の締結のときから5年を経過したときは解除できない」と規定しています（第55条4項）。 一方、生命保険会社は約款で「責任開始日から2年を超えて有効に継続したときは保険契約を解除できない」と緩和しています。責任開始日から2年を経過していても、支払事由が2年以内に発生していた場合には、契約が解除されることがあります。告知義務違反の内容が特に重大な場合、詐欺による取消を理由として、保険金・給付金が支払われないことがあります。この場合は、告知義務違反による解除の対象外となる2年経過後の契約も取消となることがあります。告知義務違反による契約解除によって受け取れない例「慢性C型肝炎」による通院歴を告知書で正しく告知せずに契約し、契約1年後に「慢性C型肝炎」を原因とする「肝がん」で死亡した場合の死亡保険金※。※この例では、C型肝炎とは全く因果関係のない「胃がん」で死亡したようなケースでは死亡保険金を受け取れます。"
5,"所定の期間内に書面を郵送することで可能です
生命保険にも、「クーリング・オフ制度」があります。クーリング・オフ制度は、いったん申込んだ後でも申込みを撤回することができる制度です。一般的には、「クーリング・オフに関する書面※を受け取った日」または「申込日」のいずれか遅い日から、その日を含めて8日以内（10日、15日、30日等に延長している生命保険会社もあります）であれば、申込みを撤回することができます。撤回されると、既に払い込んだ保険料があるときは、保険料は全額返金されます。また、転換を利用した場合は、転換前の契約に戻すことができます。なお、新規に生命保険を契約した場合や転換した場合にはクーリング・オフ制度の対象になりますが、既にある契約に特約を中途付加した場合や更新などの場合は対象外です。※クーリング・オフに関する書面は、「注意喚起情報」「契約締結前交付書面」「ご契約のしおり・約款」である場合があります。どの書面であるかについては、注意喚起情報に記載されています。手続きクーリング・オフの手続きは、生命保険会社の本社か支社あてに、書面を郵送することによって行います。生命保険会社のホームページや契約者のマイページなどから、WEB申請できる場合などもあります。書面の場合は、念のためコピーを手元に残しておきましょう。書面に記載する内容は「ご契約のしおり」や生命保険会社のホームページなどで確認できます。クーリング・オフ申出の記入例○○生命保険相互（株式）会社御中私は〇月〇日に申込んだ下記契約の申込みを撤回します。申込者　　　　文化千太保険種類　　　終身保険毎回の保険料　12,345円住所　東京都千代田区丸の内3-4-1氏名　文化千太・書面を郵送する場合のクーリング・オフの申出日は、郵便局の消印をもって判定されます。次のような場合、クーリング・オフ制度は適用されません。契約にあたって医師による診査を受けた場合保険期間が１年以内の契約の場合　など注：クーリング・オフの取扱いは、生命保険会社・商品・払込方法などによって異なりますので、詳細は生命保険会社に確認してください。"
6,"「復活」により戻せる場合があります
「復活」という制度を利用して、もとに戻すことができます。これは、一度失効した契約を再び有効にする制度で、失効しても3年以内など所定の期間内であれば、契約者の申し出により、失効していた期間の保険料を払い込むことで、復活することができます（延滞利息の払込みが必要な生命保険会社もあります）。ただし、あらためて健康状態などについて告知または診査を受ける必要があるため、その結果によっては復活できない場合があります。復活は以前の契約をもとの状態に戻すわけですから、保険料や契約内容は失効する前と同じです。ただし、復活した場合の保障は復活日から始まるため、失効期間中の病気やケガなどは保障されません。なお、解約した場合は復活することができませんので、十分注意してください。※復活を取り扱わない生命保険会社・保険商品もあります。"
7,"一般的に「告知・診査日」「第1回保険料充当金の払込日」の遅い日から保障が始まります
生命保険契約による保障を受けるためには、「ステップ1契約申込み［申込書への署名（押印が必要な場合もあります）]」「ステップ2告知・診査」「ステップ3第1回保険料充当金の払込み」までの手続きが終了し、生命保険会社が契約を承諾する必要があります。生命保険会社が契約を承諾した場合、契約上の責任を開始する時期（これを「責任開始期（日）」といいます）は、通常「ステップ2 告知・診査日」「ステップ3 第1回保険料充当金の払込日」のいずれか遅い方にさかのぼって、保障が開始されます。生命保険会社によっては、「ステップ3 第1回保険料充当金の払込み」を口座振替にする取扱いがあります。その場合は、口座からの引落しを待たずに、ステップ1、2の2つが完了した時点にさかのぼって保障が開始されます。保障を受けられるかどうかをみる際、責任開始期(日)は重要です。高度障害保険金や入院給付金など(死亡保険金は除きます)は、責任開始期(日)前に生じた病気やケガを原因とする場合、健康状態などを契約時などに正しく告知していても、約款に特に定めがない限り受け取れないのが一般的です（生命保険会社や契約の時期にもよりますので、「ご契約のしおり・約款」などで確認が必要です）。なお、失効後に復活した契約の場合、復活日が責任開始期(日)となります。〔契約の申込みから成立までの一般的な手続き〕"
8,"健康な人向けの保険料率の適用など数パターンがあります
生命保険会社によっては、以下のような商品や制度を取り扱っています。「優良体（健康体）料率」を適用する生命保険身長・体重・血圧・尿検査等について一定の基準を満たしている場合、通常より安い保険料率を適用します。定期保険や収入保障保険などで取り扱われています。「非喫煙者料率」を適用する生命保険過去1年間（2年間とする生命保険会社もあります）煙草を吸っていない場合、通常より安い保険料率を適用します。定期保険や収入保障保険などで取り扱われています。※上記「優良体（健康体）料率」と「非喫煙者料率」の組み合わせによって、より安い保険料率が適用される場合もあります。※これらのほか、保険契約後の健康状態や、健康増進への取組みによって保険料の割引や還付金などがある「健康増進型保険」を取り扱う生命保険会社もあります。死亡時の給付金をなくした生命保険や、「無解約返戻金型」、「低解約返戻金型」の生命保険医療保険やがん保険で死亡時の給付金や解約時の返戻金をなくしたり、低く設定することにより保険料を割安にします。定期保険や収入保障保険などで解約時の返戻金をなくしたり、低く設定することにより保険料を割安にします。終身保険で保険料払込期間中などの解約返戻金を低く設定することにより保険料を割安にします（低解約返戻金型終身保険）。通販・インターネット専用生命保険通信販売やインターネットを介することで、割安な保険料を設定します。高額契約を対象とする割引制度契約する保険金額が一定金額以上の場合、高額割引などとして保険料を割り引きます。※取扱内容は生命保険会社によって異なります。"
9,"生命保険会社が定める所定の障害状態になると、以後の保険料払込みが免除されます
生命保険は、一般的に被保険者（こども保険の場合は契約者）が不慮の事故に遭い、事故の日からその日を含めて180日以内に、約款に定められた所定の障害状態になると、以後の保険料払込みが免除されます。また、特約を付加することや、保険種類によっては、主に次のような取扱いがあります。保険料払込免除特約この特約を付加することにより、3大疾病・身体障害・要介護状態などにより一定の状態になったとき、以後の保険料の払込みが免除されます。なお、免除となる要件などは生命保険会社によって異なります。こども保険契約者（一般的には被保険者の親）が死亡したり、高度障害状態や不慮の事故で所定の障害状態になったとき、一般的に以後の保険料の払込みが免除されます。個人年金保険被保険者が保険料払込期間中に高度障害状態や不慮の事故で所定の障害状態になったとき、以後の保険料の払込みが免除されます。なお、契約の際、健康状態に関する告知・診査のないタイプでは、一般的に保険料免除はありません。生命保険会社によっては、医療保険やがん保険などで高度障害状態や不慮の事故で所定の障害状態になった場合、保険料免除になる商品もあります。他にも、家族型の商品などで一定の条件によっては保険料免除となる場合もありますので、約款などでよく確認してください。一般的に生命保険では、高度障害状態になった場合に死亡保険金と同額の高度障害保険金が支払われ、契約は消滅します。保険料の払込みが免除となる場合は、契約は継続するため、高度障害保険金は支払われません。"
10,"一般的に「自動振替貸付制度」が適用されるか、「失効」するかのいずれかです
保険料は、払込方法に応じた期日までに継続的に払い込む必要があります。払い込みが遅れて、払込猶予期間が経過すると一般的に自動振替貸付制度が適用されるか、そのまま失効するかのいずれかになります。定期保険や収入保障保険などは一般的に自動振替貸付制度の対象外です。また、自動振替貸付制度の対象になる生命保険でも、払込猶予期間が経過した際の解約返戻金によっては、保険料の立替えができずに失効することがあります。なお、アカウントやファンドなどと呼ばれる積立金のある利率変動型積立終身保険の場合、払込猶予期間を過ぎると積立金を活用して保険料に振り替えるのが一般的です。積立金が少額で、保険料の振替えができない場合、契約は失効します。関連項目「保険料の払込猶予期間と失効」"
11,"経済動向などにより配当金が出ない場合があります
配当金がない仕組みの「無配当保険」以外の保険でも、配当金が出ない場合があります。配当金には、予定率に基づいて計算された保険料の事後精算としての性格があります。生命保険の保険料は、「予定死亡率」「予定利率」「予定事業費率」という3つの予定率をもとに算出していますが、実際には予定した通りの死亡者数、運用利回り、事業費になるとは限りません。予定と実際との差によって剰余金が生じた場合、剰余金の還元として契約者に分配されるお金のことを「配当金」といいます。株安や低金利の状況下にあって、過去の高い予定利率の契約の保険においては、実際の運用収益が予定の収益を下回っていることから、多くの契約で配当金がゼロになっています。しかし、これは「予定利率を上回って支払う配当金がゼロ」ということであり、「預貯金の利息がゼロ」ということとは根本的に異なります。予定利率は保険料の計算上あらかじめ織り込まれ、その分保険料が割り引かれているため、運用収益がまったく還元されていないということではありません。なお、分配される配当金は保険種類や契約年月日など契約内容によって異なります。関連項目「配当金の仕組」「配当金に関する重要事項」「配当金の引出し」"
12,"解約をしなくても契約を継続する方法があります
次の方法により、解約しないで保障を続けることができます。保険金の減額これまで契約してきた保険金・年金などを減額する分だけ、それ以降の保険料の負担を軽くする方法です。減額した部分は解約したものとして取り扱われます。各種特約の保障額が同時に減額される場合もあります。特約の解約付加している特約だけ解約する方法です。ただし、複数の特約を付加している場合、生命保険会社や特約の種類によっては、他の特約も同時に解約しなければならないことがあります。延長（定期）保険への変更保険料の払込みを中止して、その時点での解約返戻金をもとに、死亡・高度障害保障のみの定期保険に変更する方法です。死亡保険金はもとの保険と同額ですが、保険期間が短くなることがあります。付加している各種特約は消滅します。解約返戻金が少ない場合、変更できないことがあります。また、保険の種類によっては、利用できない場合があります。払済保険への変更保険料の払込みを中止して、その時点での解約返戻金をもとに、保険期間をそのままにした保障額の少ない保険（同じ種類の保険または養老保険）に変更する方法です。付加している各種特約は消滅します。ただし、リビング・ニーズ特約は継続するのが一般的です。解約返戻金が少ない場合、変更できないことがあります。また、保険の種類などによっては、利用できない場合があります。関連項目「保険料の負担軽減・払込みの中止と契約の継続」"
13,"一定の保険期間が満了すると健康状態に関係なく自動的に契約が更新される制度です
「更新」とは、定期保険や医療保険などの保険期間が満了したときに、健康状態に関係なく、80歳までなど所定の年齢の範囲内で原則としてそれまでと同一の保障内容・保険金額・保険期間での保障を継続できる制度のことです。5年・10年･15年など契約時に一定の年数を保険期間として設定し、その保険期間が満了になると自動的に次の保険期間として契約が継続となる取扱いが一般的で、「自動更新制度」と呼ばれています。自動更新制度がある生命保険の場合、「更新しない」「保障額を減らして更新する」といった希望があれば、更新の2カ月前などの期限までに生命保険会社に申し出る必要があります。医療保険や医療関係特約などの入院給付金には、1回の入院での「１入院支払限度日数」や、保険期間を通じての「通算支払限度日数」があります。通算支払日数は契約を更新しても引き継がれます。例えば、10年満期の医療保険で、入院給付金の通算支払限度日数が730日型だった場合、更新前に130日分を受け取っていると、更新後の通算支払限度日数は残り600日です。なお、自動更新制度がある商品であっても、契約時に健康状態に関する告知・診査の結果、特別条件付きで契約している場合は更新できないこともあります。更新の際は、更新時の年齢・保険料率によって保険料が再計算されるので、保険料は通常更新前よりも高くなります。関連項目「更新について」"
14,"主に以下の方法があります
生命保険は一般的に契約期間が長期におよぶため、途中で家族構成の変化や経済的事情などにより、保障内容の見直しが必要になることがあります。契約期間の途中で保障内容を変更する方法には次のようなものがあります。どの方法が自分のニーズにあっているかよく検討してから利用することが大切です。追加契約現在の契約に追加して、別の新しい保険を契約する方法です。保険金額を増やしたり、今までの契約とは異なる内容で保障を充実させたりすることができます。特約の中途付加死亡保障に備える特約の中途付加現在の契約に定期保険特約などを中途付加し、死亡保障を増額する方法です。病気やケガなどに備える特約の中途付加現在契約している保険に、病気やケガ、介護などを保障する特約を付加する方法です。転換現在の契約を活用して、新たな保険を契約する方法です。現在の契約の積立部分や積立配当金を「転換（下取り）価格」として新しい契約の一部にあてる方法で、元の契約は消滅します。＜現在契約している保険＞ → 転換 → ＜新しく契約する保険＞また、変更を考える際には、まず、現在契約している保険の内容を再確認することが大切です。契約内容を確認する手段として、保険証券、ご契約のしおり、生命保険会社からの通知（契約内容のお知らせ）などがあります。なかでも保険証券には基本的な契約内容が記載されていますので、自分の契約内容を確認するうえでもっとも重要です。関連項目「保障内容の変更と対応方法」"
15,"一般的に受取人死亡時の「受取人の法定相続人」が受取人になります
死亡保険金受取人が死亡したにもかかわらず、受取人の変更手続きをしないまま被保険者（保険の対象者）が死亡すると、一般的に受取人死亡時の「受取人の法定相続人」が死亡保険金受取人になります。その人が、死亡保険金の支払事由発生時までに死亡した場合は、さらにその人の法定相続人が死亡保険金受取人になります。生命保険会社によっては受取人の法定相続人ではなく、「被保険者の遺族」としている場合もあります。受取人が複数の場合、受取割合は一般的に均等となっています。CとDの受取割合は2分の1ずつです。死亡保険金受取人について死亡保険金の受取人は、一般的に複数人を指定することも可能です。その場合、契約者は受取割合をあらかじめ指定する必要があります。被保険者の同意を得て途中で変更することも可能です。なお、被保険者の死亡後や満期日を迎えた後では、受取人の変更をすることはできません。"
16,"以下のような特別な取扱いを実施しています
※この項目の解説は、2023年5月時点の情報に基づき作成しています。最新情報は、生命保険会社のホームページなどでご確認をお願いいたします。入院給付金の取扱い入院した場合新型コロナウイルス感染症の治療を目的として入院した場合、入院給付金の支払対象となります。自宅や軽症者を治療するホテルなどの臨時施設で療養した（いわゆる「みなし入院」）場合2020年4月以降、生命保険会社各社では、新型コロナウイルス感染症と診断され、宿泊施設および自宅等にて医師等の管理下で療養している場合（いわゆる「みなし入院」）において、医療保障の「入院給付金」の支払対象とする特別取扱いを実施してきました。2023年5月8日（月）以降、感染症法上における新型コロナウイルス感染症の分類が「5類感染症」に位置づけられ、入院勧告・措置等の対象外となりました。これに伴い、2023年5月8日以降に新型コロナウイルス感染症と診断された人の「みなし入院」については、入院給付金の支払対象外となります。診断日によって下記のとおり取扱いが異なります。※重症化リスクの高い人・65歳以上の人・入院を要する人・重症化リスクがあり、新型コロナ治療薬の投与または新型コロナ罹患により酸素投与が必要な人・妊娠している人生命保険会社によって取扱いが異なるため、詳細は各生命保険会社にお問い合わせください。死亡保険金等の取扱い新型コロナウイルス感染症が原因で亡くなった場合、死亡保険金を受け取れます。災害割増特約・傷害特約などを付加している場合、不慮の事故や所定の感染症による死亡では災害死亡保険金を受け取れますが、新型コロナウイルス感染症が原因で亡くなった場合は、2023年5月7日以前はほとんどの生命保険会社で支払対象としていましたが、2023年5月8日以降は支払対象外としている生命保険会社が多くなっています。また、特別条件（保険金・給付金の削減支払や特定部位・特定疾病不担保など）が適用されている生命保険契約であっても、新型コロナウイルス感染症が原因で支払事由に該当した場合、2023年5月7日以前は削減支払や不担保などを適用せずに保険金・給付金を支払う生命保険会社がほとんどでしたが、2023年5月8日以降は保険金削減等を実施する生命保険会社が多くなっています。生命保険会社によって、取扱いが異なるため、詳細は生命保険会社にお問い合わせください。今後取扱いが変更される可能性がありますので、加入している生命保険会社のホームページなどでご確認ください。生命保険会社のホームページはこちら"
17,"支払事由に該当しない場合などがあります
保険金・給付金が受け取れない場合は、（1）支払事由に該当しない場合、（2）免責事由に該当した場合、（3）告知義務違反による解除の場合、（4）重大事由による解除・詐欺による取消に該当する場合や保険金等不法取得目的による無効の場合の4通りが考えられます。生命保険会社によって若干、取扱いが異なりますが、主に次のとおりです。1．支払事由に該当しない場合保険金・給付金が受け取れるのは、約款所定の支払事由に該当した場合です。支払事由に該当しない場合には保険金・給付金は受け取れません。支払事由の原因が責任開始前に生じている場合高度障害保険金や入院給付金など（死亡保険金は除きます）について、保障の責任開始期（日）前に生じた病気やケガを原因とする場合は、約款に特に定めがない限り、保険金・給付金は受け取れないのが一般的です。入院･手術が支払事由に該当しない場合入院した日数が約款所定の日数に満たない場合、約款所定の支払日数の限度まで既に入院給付金を受け取っている場合、入院先が約款所定の医療機関でない場合、治療を目的としない入院の場合などは、入院給付金が受け取れません。「手術」が約款所定の「支払対象となる手術の種類」に該当しない場合は、手術給付金は受け取れません。2．免責事由に該当した場合約款所定の「免責事由」（支払われない事由）に該当した場合、保険金・給付金は受け取れません。《死亡保険金（給付金）の免責事由の例》契約した保険の責任開始期（日）または復活日から一定期間内（1～3年）に被保険者が自殺したとき。契約者または死亡保険金（給付金）の受取人の故意によるとき。戦争その他の変乱によるとき。ただし、その程度によっては全額または一部を受け取れる場合があります。《災害死亡保険金･入院給付金の免責事由の例》契約者、被保険者または災害死亡保険金受取人の故意または重大な過失によるとき。被保険者の犯罪行為によるとき。被保険者の精神障害の状態を原因とする事故によるとき。被保険者の泥酔の状態を原因とする事故によるとき。被保険者が法令に定める運転資格を持たないで運転している間に生じた事故によるとき。被保険者が法令に定める酒気帯び運転またはこれに相当する運転をしている間に生じた事故によるとき。戦争その他の変乱、地震、噴火または津波によるとき。ただし、その程度によっては、保険金・給付金の全額または一部を受け取れる場合があります。3．告知義務違反による解除の場合現在の健康状態、過去の傷病歴、職業などについて事実を告げなかったり、偽りの告知をしたなどの「告知義務違反」があった場合は、営業職員などから告知を妨げられたり、告知をしないことを勧められたときなどを除き、告知義務違反により契約・特約が解除となり、保険金･給付金が受け取れないことがあります。告知義務違反があった場合、責任開始日（復活の場合は復活日）から2年以内※であれば、生命保険会社は契約を解除することができます。※保険法では告知義務違反による解除について、「生命保険契約の締結のときから5年を経過したときは解除できない」と規定しています（第55条4項）。一方、生命保険会社は約款で「責任開始日から2年を超えて有効に継続したときは保険契約を解除できない」と緩和しています。責任開始日（復活の場合は復活日）から2年を経過していても、支払事由が2年以内に発生していた場合には、契約が解除されることがあります。生命保険会社指定の医師以外の職員（営業職員、生命保険面接士など）は告知を受ける権限（告知受領権）を持っていないため、健康状態、傷病歴等について口頭で伝えても告知したことにならないので注意が必要です。告知についての専用フリーダイヤルや告知サポート資料を準備している生命保険会社もありますので確認しましょう。4．重大事由による解除、詐欺による取消、不法取得目的による無効の場合「保険金や給付金などをだましとる目的で事故を起こした」などの重大事由で契約が解除となった場合、また、契約の加入や復活に際して詐欺行為や保険金を不法に取得する目的の行為があり契約が取消・無効となった場合には、保険金・給付金は受け取ることができません。保険金・給付金の受け取りに関する留意点支払事由、請求手続き、保険金・給付金などを受け取れる場合または受け取れない場合については、「ご契約のしおり・約款」・ホームページ・請求手続き等に関するガイドブックに記載されていますので、確認しましょう。保険金・給付金などの支払事由に該当した場合、すみやかに生命保険会社の担当者、最寄りの営業所、支社または本社のコールセンターに連絡しましょう。契約している内容によっては複数の保険金・給付金などを受け取れることがありますので、十分に確認しましょう。指定代理請求特約などが付加されている場合の請求者や保険金・給付金の請求者が契約者と異なる場合には、請求者に支払事由などについて説明をしておきましょう。"
18,"責任開始期以後の病気やケガを原因として、所定の高度障害状態に該当した場合です
被保険者が、責任開始期（日）以後の病気やケガを原因として、両眼の視力や言語機能を永久に失ったときなど、下記のいずれかの障害状態に該当した場合に、死亡保険金と同額の高度障害保険金が受け取れます。※責任開始期（日）前に生じた病気やケガを原因とする場合は、約款に特に定めがない限り、高度障害保険金は受け取れないのが一般的です。通常、高度障害保険金を受け取ると高度障害状態に該当したときにさかのぼって契約は消滅し、それ以降の特約等の給付金は受け取ることができません。高度障害保険金の受取対象となる高度障害状態両眼の視力を全く永久に失ったもの言語またはそしゃくの機能を全く永久に失ったもの中枢神経系・精神または胸腹部臓器に著しい障害を残し、終身常に介護を要するもの両上肢とも手関節以上で失ったかまたはその用を全く永久に失ったもの両下肢とも足関節以上で失ったかまたはその用を全く永久に失ったもの1上肢を手関節以上で失い、かつ、1下肢を足関節以上で失ったか、またはその用を全く永久に失ったもの1上肢の用を全く永久に失い、かつ、1下肢を足関節以上で失ったもの例えば、国が定める身体障害者福祉法で身体障害等級1級に該当しても、約款で定める高度障害状態に該当しない場合は、高度障害保険金は受け取れません。責任開始期前に既に生じていた障害状態に、責任開始期以後の病気やケガを原因とする障害状態が新たに加わって高度障害状態に該当したときも、責任開始期前後の各障害の原因となった病気やケガに因果関係がなければ、高度障害保険金が受け取れます。個人の契約の場合、高度障害保険金の受取人は一般的に被保険者本人となっています。しかし、受取人である被保険者本人に意思能力がないなど、高度障害保険金を請求できない特別な事情があるときは、契約者があらかじめ指定した「指定代理請求人」が請求する指定代理請求制度を多くの生命保険会社が取り扱っています。なお、請求時において「被保険者と同居または生計を一にしている戸籍上の配偶者または3親等内の親族」など、指定代理請求人の範囲は生命保険会社によって異なります。"
19,"災害などに備え、家族の連絡先などを登録しておく制度です
契約者が契約時や契約の途中で家族（※）の連絡先を生命保険会社に登録しておく制度です。地震・台風などの災害時や、高齢の契約者に連絡が取れない場合などには、生命保険会社が登録されている家族へ契約者の連絡先などの確認をします。家族へ連絡がいくことによって、保険金・給付金の請求もれの防止などにつながります。また、登録された家族による契約内容の照会や給付金請求書などの書類の取寄せができる生命保険会社もあります。家族を登録する際には、契約者が登録する家族から事前に同意を得ることが必要です。なお、「家族（情報）登録制度」は登録された家族が、生命保険会社に契約内容の照会などができるだけであって、受取人に代わって保険金などの請求ができるわけではありません。請求の代理を家族が行う場合は、「指定代理請求人」を指定しておく必要があります。（※）登録できる家族の範囲は「配偶者や３親等以内の親族」など、生命保険会社によって異なります。こんなときに活用できます。災害などで生命保険会社から契約者へ連絡が取れないときに備えたい場合契約者以外の家族が契約内容の照会や書類取寄せなどを行えるようにしたい場合指定代理請求人について詳しくはこちら"
20,"被保険者本人に「特別な事情」がある場合に指定代理人が保険金等を請求できる制度です
指定代理請求制度とは、被保険者本人に「特別な事情※1」がある場合、契約者があらかじめ指定した代理人が被保険者に代わって、保険金等を請求できる制度です。代理人を指定する際に、契約者は被保険者の同意を得る必要があります。※1「特別な事情」とは（ある生命保険会社の例）傷害または疾病により、保険金等を請求する意思表示ができないとき治療上の都合により、傷病名または余命の告知を受けていないときその他（1）または（2）に準じた状態であるとき指定代理請求できる保険金・給付金の種類は生命保険会社によって異なりますが、被保険者が受取人になっている給付です。例えば、入院給付金や手術給付金、高度障害保険金、特定疾病保険金、リビング・ニーズ特約保険金、介護保険金・介護年金などがあります。被保険者と受取人が同一人の場合の満期保険金や年金などを代理請求できる生命保険会社もあります。また、契約者と被保険者が同一人の場合の「保険料払込免除」についても、代理請求することができます。一般的には契約に「指定代理請求特約」（特約保険料は不要)を付加して、指定代理請求人を指定します。特約ではなく、保険金受取人と併せて契約時に指定代理請求人を指定する生命保険会社もあります。なお、契約途中でも被保険者の同意を得て、指定代理請求人の指定や変更ができます。指定代理請求人には、あらかじめ支払事由および代理請求できることを説明しておきましょう。指定代理請求人の範囲※2は生命保険会社によって異なります。※2指定代理請求人の範囲（ある生命保険会社の例）被保険者の戸籍上の配偶者被保険者の直系血族被保険者と同居または生計を一にしている被保険者の3親等内の親族（請求時点にも、代理人は上記の範囲内であることが必要です）＜留意点＞生命保険会社は指定代理請求人からの請求に基づいて保険金等を支払ったことを被保険者に連絡することはありません。したがって、被保険者が知らない状況で、保険金等が支払われたことにより、保障内容（保険金額、保険料）が変わったり契約が消滅したりすることがあります。保険金等が支払われた後に、契約者（被保険者）から契約内容についての問い合わせが直接生命保険会社にあると、生命保険会社は回答せざるをえないこともあります。指定代理請求特約のほか、「保険契約者代理特約（制度）」を取り扱っている生命保険会社もあります。「保険契約者代理特約（制度）」は、契約者に代わって手続きを行うことができる特約です。契約者が契約に関する手続きの意思表示ができない場合などに、あらかじめ指定された契約者代理人が住所変更、解約など所定の手続きを行うことができます。指定代理請求制度を利用できない場合、「成年後見制度」を利用して請求する方法もあります。"
21,"保険金受取人の固有の財産となるので、相続を放棄しても死亡保険金は受け取ることができます
契約者と被保険者が同一人の場合、受け取る死亡保険金は死亡した人の財産ではなく、保険金受取人の固有の財産となります。ですから、相続を放棄しても死亡保険金は受け取ることができます。例えば、契約者・被保険者が夫、死亡保険金受取人が妻の場合、妻が受け取った死亡保険金は妻の固有の財産になります。死亡した夫の財産ではないため、妻は相続を放棄しても死亡保険金を受け取ることができます。ただし、この死亡保険金は、税制上「みなし相続財産」として相続税の課税対象になります。相続税を計算する際のポイント生命保険金の非課税金額の適用を受けることはできません相続を放棄した場合は相続人とはみなされないため、生命保険金の非課税金額の適用を受けることはできません。生命保険金の非課税金額死亡保険金は「残された家族の生活保障」という大きな目的をもった遺産のため、一定の生命保険金が非課税とされています。相続人が保険金を受け取る場合に限り「500万円×法定相続人数」の額が非課税となります。相続放棄をした本人は死亡保険金を受け取れますが、非課税の適用を受けることはできません。また、相続放棄をしていない人の非課税金額を計算する際の法定相続人の人数には相続放棄をした人も含めます。例えば、法定相続人が3人（妻）・（子A）・（子B）、死亡保険金受取人が2人（妻）・（子A）で（子A）が相続放棄した場合、子Aは死亡保険金を受け取れますが、非課税の適用は受けられません。妻は「500万円×3人＝1,500万円」まで非課税の適用を受けられます。相続税の基礎控除は適用されます相続税の基礎控除額は「3,000万円＋600万円×法定相続人数」です。例えば、法定相続人が3人（妻）・（子A）・（子B）で、全員が相続放棄した場合でも相続税の基礎控除は適用されます。相続税の基礎控除額は「3,000万円＋600万円×3人＝4,800万円」となります。※死亡保険金が基礎控除額の範囲内であれば、相続税はかかりません。関連項目「相続の順位と相続について知りたい」「死亡保険金に相続税がかかる場合の具体例は？」"
22,"主に3つの留意点があります
解約とは、将来に向かって契約を解消することをいいます。主な留意点は次の通りです。留意点1：解約する際、その時点で解約返戻金があれば受け取れますが、その金額は保険種類・契約時の年齢・保険期間・経過年数などによって異なります。通常は払い込んだ保険料総額より少なく、特に契約後短期間での解約や定期保険など保障性の高い商品の解約の場合、解約返戻金はまったくないか、あってもごくわずかです。留意点2：解約した時点で、契約は消滅し、以降の保障はなくなります。また、もとに戻すこともできません。もう一度契約する場合は、年齢が上がったことなどによって保険料が割高になったり、健康状態によっては保険料の割増など特別条件の付いた契約になったり、契約できなかったりする場合もあります。留意点3：解約の手続きには必ず所定の書類の提出が必要です。口頭での申し出や単に保険料の払い込みを中止しただけでは、解約の手続きとみなされませんのでご注意ください。"
23,"家庭裁判所の手続きにより、解約できる場合があります
契約者以外の人が解約をする場合は、契約者本人から解約についての代理権を与えられていなければなりません（手続きをする上で、契約者本人の委任状が必要となります）。どうしても生命保険契約を解約しなければいけないような場合（例えば、解約返戻金で行方不明になった契約者の借金の返済をしたい場合など）は、家庭裁判所に申し出て「財産管理人」を選定してもらいます。財産管理人は、契約者の財産の維持・管理をする人で財産の処分行為をすることはできませんが、家庭裁判所から権限外行為の許可を得て、財産を処分（解約）することができます。まずは、家庭裁判所に相談してみてください。失踪宣告（被保険者が行方不明になった場合）被保険者が失踪した場合、失踪してから７年間経過すれば、家庭裁判所に失踪宣告を申し立てることができます（普通失踪。このほか、沈没した船舶に乗っていた人などの生死が１年間不明の場合の特別失踪もあります）。失踪宣告がなされると、「死亡」とみなされますので、死亡保険金受取人は保険金を受け取ることができます。この場合、保険契約を７年間（１年間）有効に継続する必要があるので、保険料を払い続けなければなりません。なお、後日、本人（被保険者）が現れて生存が確認されると、失踪宣告が取り消されますので、受け取った保険金は生命保険会社に返還することになります。"
24,"確認方法として、書類などで手がかりを探すことが考えられます。調べても分からないときは生命保険契約照会制度を利用することが可能です
手がかりを探す手がかりとなる「保険証券」「ご契約内容のお知らせ」「生命保険料控除証明書」などの書類が見当たらない場合は、預金通帳などから保険料が引かれていないか探してみましょう。会社員などの場合は、年末調整時に提出する保険料控除申告書に記載がないか、保険料が給与天引きされていないかなど、勤務先の給与事務担当者に問い合わせてみましょう。契約先の生命保険会社が分かったら、連絡をして手続きをとることになりますが、親や家族が死亡している場合の手続きは保険金受取人がする必要があります。受取人以外の人からの問い合わせの場合は、あらためて受取人から問い合わせることになります。なお、最近では「家族（情報）登録制度」によって登録している家族がいれば、その家族からであれば手続きに必要な書類の取寄せなどができる場合があります。書類や通帳でも分からない場合書類や通帳でも分からない場合は、手がかりになるものとして生命保険会社の名前が入ったカレンダー、タオル、クリアファイルやペンといった文房具などがあります。契約していたと思われる生命保険会社があれば、その会社の本社または支社に、必要書類を持参して、契約者の氏名と生年月日で契約があるかどうか照会をすることができます。＜必要書類（例）＞「死亡診断書」など死亡したことが分かる書類「戸籍謄本」など死亡した人と契約照会をする人との関係が分かる書類「運転免許証」など契約照会をする人について、本人確認ができる書類生命保険会社全社の契約照会ができる「生命保険契約照会制度」生命保険協会では、契約者・被保険者の死亡、認知判断能力の低下等により生命保険契約に関する手掛かりを失い、保険金等の請求を行うことが困難な場合等において、生命保険契約の有無の照会を受け付けています。制度を利用できる場合（照会対象者）以下の状態に該当し、生命保険契約の有無がわからない場合＜平　時＞死亡あるいは認知判断能力の低下（所定の診断書による医師の診断が必要）＜災害時※＞死亡もしくは行方不明※災害救助法が適用された地域等において被災し、家屋等の流出または消失等により生命保険契約に関する請求が困難な場合制度を利用できる方（照会者）＜平　時＞照会対象者が死亡している場合⇒照会対象者の法定相続人、法定代理人等照会対象者の認知判断能力が低下している場合⇒照会対象者の法定代理人、三親等以内の親族等＜災害時＞照会対象者が災害により死亡もしくは行方不明となっている場合⇒照会対象者の配偶者、親、子または兄弟姉妹等制度の利用料＜平　時＞1回の照会につき、3,000円（税込）＜災害時＞無料制度の申込先＜平　時＞インターネットまたは郵送「郵送」による方法でも、生命保険協会HPにアクセスし、必要書類を請求いただく必要があります（電話およびメール等による申出は受け付けません）。＜災害時＞災害受付専用連絡先（生命保険相談所）フリーダイヤル 0120-001-731［受付時間]］月曜～金曜（祝日、年末年始を除く）9:00～17:00詳細は、生命保険協会ホームページ（https://www.seiho.or.jp/contact/inquiry/）をご覧ください。"
25,"保険料を払い込むことによって、生命保険を有効に継続することができます
海外に転勤しても保険料を払い込むことによって、生命保険を有効に継続することができます。海外で死亡した場合のほか、一般的には病気やケガで入院したような場合についても、保険金や給付金を請求することができます。海外渡航の手続き「海外渡航届け」の提出生命保険会社に連絡して所定の用紙を提出しましょう。保険料の払込方法を選択国内の代理人※からの払い込み本人の国内にある金融機関の口座や勤務先の国内の給与からの引き去り前納や一括払による払い込み　　　など渡航中の保険金・給付金の主な請求方法国内の代理人※経由で請求日本に帰国して請求海外からの直接請求生命保険会社によっては、請求方法が異なることがあります。なお、生命保険会社は一般的に、保険金などを海外に送金する取り扱いを行っていません。※国内の代理人とは、保険料を払い込むことなどを契約者から委任された人です。渡航前に生命保険会社に委任状を提出することによって、代理人の手続きをします。多くの生命保険会社では「海外渡航のてびき」等を作成していますので、海外渡航の際には、この「海外渡航のてびき」等で各種取扱いなどを確認しておきましょう。"
26,"経営内容を公開するディスクロージャー誌で確認できます
「企業の経営内容の公開」のことをディスクロージャーといいますが、各生命保険会社では、一般閲覧用に毎年決算後7月末までにディスクロージャー誌などを作成して、業務の内容や財務状況の情報を開示しています。経営内容に関する資料には以下のようなものがあります。ディスクロージャー誌概要会社の事業年度ごとの業務、財産の状況をまとめた説明書類です。保険業法により作成が義務付けられています（「○○生命の現状」「決算のご報告」など名称は生命保険会社によって異なります）。主な内容直近5事業年度の主要な業務の状況、責任準備金、資産の運用状況、基金（資本金）、ソルベンシー・マージン比率注)1、基礎利益注)2、有価証券等の含み損益などが掲載されています。生命保険会社のディスクロージャー誌は下記から閲覧できます生命保険会社のディスクロージャー誌（生命保険協会のホームページ）参考資料「生命保険会社のディスクロージャー～虎の巻」ディスクロージャー誌の見方を消費者向けに解説した「生命保険会社のディスクロージャー～虎の巻」を（一社）生命保険協会が作成しています。「生命保険会社のディスクロージャー～虎の巻」（生命保険協会のホームページ）生命保険会社の決算情報および四半期情報（生命保険協会のホームページ）注)1ソルベンシー・マージン比率ソルベンシー・マージンとは「支払余力」という意味です。生命保険会社は、将来の保険金などの支払いに備えて責任準備金を積み立てているため、通常予測できる範囲のリスクについては十分対応できます。しかし、大災害や株の大暴落など、予想しない出来事が起こる場合があります。このような「通常の予測を超えて発生するリスクに対応できる支払余力」を有しているかどうかを判断するための行政監督上の指標の一つが「ソルベンシー・マージン比率」です。この比率が200％を下回った場合、監督当局（金融庁長官）によって早期に経営の健全性の回復を図るための措置がとられます。注)2基礎利益「基礎利益」とは、「経常利益」から、本業以外での利益である有価証券の売却損益などの「キャピタル損益」と「臨時損益」を除いて算出したもので、保険本業の1年間の期間収益を示す指標になっています。一般事業会社の営業利益や、銀行の業務純益に近いものです。ソルベンシー・マージン比率や基礎利益だけをとらえて、経営の健全性のすべてを判断することは適当ではありません。ディスクロージャー誌に掲載されている資産状況や業績の推移なども含め総合的に判断する必要があります。"
27,"「生命保険契約者保護機構」により一定の契約者保護が図られます
生命保険会社の経営が破綻した場合でも、契約がなくなるわけではありません。「生命保険契約者保護機構（以下、「保護機構」）」により一定の契約者保護が図られます。この保護機構には、国内で事業を行うすべての生命保険会社が加入していて、破綻した生命保険会社の契約を引き継ぐ「救済保険会社」あるいは「承継保険会社」に対して必要に応じて資金援助を行います。保険契約の継続加入している保険契約の継続を図る仕組みには、次の2つがあります。救済保険会社が現れた場合破綻保険会社の保険契約は、「救済保険会社」による保険契約の移転、合併、株式取得により、破綻後も継続することができます。救済保険会社が現れなかった場合破綻保険会社の保険契約は、「承継保険会社（保護機構が設立する子会社）」に承継される、もしくは「保護機構」自らが引き受けることにより、破綻後も継続することができます。責任準備金の削減生命保険会社の破綻後も、契約を継続できますが、責任準備金（※1）の削減が行われることがあります。この場合、高予定利率契約（※2）を除き、破綻時点の責任準備金の90％までは原則補償され、残りの10％については更生計画などにより決定されることとなります(保険金・年金等の90％が補償されるものではありません)。（※1）責任準備金生命保険会社は将来の保険金・年金・給付金等の支払いに備え、収入保険料の一部を積み立てています。この積立金を責任準備金といいます。（※2）高予定利率契約破綻時に過去5年間で常に予定利率が基準利率（注）を超えていた契約を指します。当該契約の責任準備金等の補償限度は以下のとおりとなります。高予定利率契約の補償率 ＝ 90％－{（過去5年間における各年の予定利率－基準利率）の総和÷2}注：基準利率は、全生命保険会社の過去5年間の年平均運用利回りを基準に、金融庁長官及び財務大臣が定めることとなっています。現在の基準利率は3％で、この基準利率は、全生命保険会社の年平均運用利回りの状況により、見直されます。契約条件変更保険契約の移転などの際には、責任準備金の削減のほかに、予定利率の引き下げ等の契約条件変更が行われることがあります（下図参照）。なお、予定利率とは、保険料の算出にあたってあらかじめ定めた基礎率の一つです。生命保険会社は資産運用による一定の収益を見込んで、その分だけ保険料を割り引いていますが、その割引率をいいます。予定利率引き下げの場合の保険金削減イメージ図（更生手続・養老保険の場合）（＊）破綻保険会社と保護機構の間で「補償対象保険金の支払いに係る資金援助契約」が締結された場合、従前の保険金額の90％(高予定利率契約については※2に記載した率)の額で保険金等の支払いが行われます。更生計画に定められた変更後の保険金額が、すでに支払われた補償対象保険金額を上回る場合には、その差額が追加して支払われます。契約への影響保険種類別にみると、一般的には、保障性の高い保険（定期保険、医療保険など）では、保険金額などの減少幅は小さくなり、貯蓄性が高く保険期間が長期の保険（終身保険、養老保険、個人年金保険など）では減少幅が大きくなります。契約時期別にみると、一般的には、予定利率が高い時期に契約した保険契約ほど保険金額などの減少幅が大きくなります。加入の期間が同じ契約でも、満期までの期間が長いほど減少幅が大きくなります。破綻時の注意点について破綻後も保険契約を継続することを希望する場合は、保険料を継続して払い込む必要があります。通常、破綻後、保険契約の移転が完了するまで解約はできません。破綻後、一定期間内に解約する場合、契約条件変更後の解約返戻金などからさらに一定の割合の削減（早期解約控除）が行われることがあります。"
28,"一定の手続きののち、予定利率の引き下げを行うことができます
生命保険会社は事業の継続が困難になる前に、保険契約者の利益を守るため、予定利率の引き下げを行うことができます。ただし、勝手に変更することはできないため、生命保険会社は次のような手続きをとる必要があります。予定利率引き下げの流れ（大枠）（※注）：「保険業の継続が困難となる蓋然性がある場合」とは、保険業法の破綻の要件である保険業の継続が困難な状態には至っていないが、将来を見通して、契約条件の変更を行わなければ、他の経営改善努力を織込んでも保険業の継続が困難となることが合理的に予測できる場合をいいます。「破綻前の予定利率変更」と「破綻による契約条件変更」の違い破綻前の予定利率の変更破綻責任準備金削減禁止90％を最低補償（高予定利率契約は90％を下回ることもある）予定利率政令により下限3％下限なし"
29,"3つの保険種類を例に保険料などの違いをみてみよう
（例）・いずれも30歳契約、死亡保険金1,000万円・定期保険、養老保険の保険期間は30年（60歳になるまで）、終身保険は一生涯・いずれも保険料払込み期間は30年（60歳になるまで）こんな場合はどう選ぶ？万一のとき、家族にできるだけ多くのお金を残したい場合「定期保険」は少ない保険料で多くの保険金を準備できる「保障機能」に優れています。60歳まで保険料を払い込んで、何も残らないことに抵抗がある場合「養老保険」は満期を迎えれば死亡保険金と同額の満期保険金を受け取れます。「終身保険」は解約したときに解約返戻金が戻ってきます。解約せずに60歳以降も保障を続けることもできます。どちらも「貯蓄機能」のある保険ですが、預貯金のように「預けたお金が増えて戻ってくる」とは限りません。保険の種類が異なると、受け取れるお金は大きく異なります。月々に払い込む保険料も異なりますので、優先度の高い保障は何かを考えてみましょう。関連項目定期保険養老保険終身保険"
30,"「変額保険・変額個人年金保険」「外貨建て保険」などがあります
｢変額保険・変額個人年金保険」「外貨建ての保険」「市場価格調整（MVA：Market Value Adjustment）を利用した保険｣が市場リスクを有する生命保険に該当します。これらを契約するにあたっては、次の点について留意し、よく理解しておくことが大切です。商品の特徴と市場リスクに関する留意点【変額保険・変額個人年金保険】特徴市場リスクに関する留意点株式や債券を中心とする「特別勘定」で資産を運用し、その運用実績によって保険金（年金）や解約返戻金が増減する保険種類です。「特別勘定」の資産は、国内外の株式・債券等で運用しており、運用実績が保険金額や積立金額・将来の年金額などの増減につながるため、株価や債券価格の下落、為替の変動により、積立金額、解約返戻金額は払込保険料の総額を下回ることがあり、損失が生ずるおそれがあります。詳しくは「変額保険」のページへ【外貨建ての保険】特徴市場リスクに関する留意点終身保険、養老保険、個人年金保険等の保険種類について、保険料の払込みや保険金等の受け取りを外貨建てで行う仕組みを取り入れたものです。為替レートの変動により、受け取る円換算後の保険金額が契約時における円換算後の保険金額を下回ることや、受け取る円換算後の保険金額が、払込保険料の総額を下回ることがあり、損失が生ずるおそれがあります。詳しくは「外貨建ての生命保険とは？」のページへ【市場価格調整を利用した保険】特徴市場リスクに関する留意点終身保険、養老保険、個人年金保険等の保険種類について、市場価格調整により解約返戻金が変動する仕組みを取り入れたものです。〔一般的に、中途解約時に、積立金額に所定の「市場価格調整率」を用いて、解約時点の運用資産（債券等）の価値を解約返戻金に反映（控除・加算）します。〕市場金利に応じた運用資産の価格変動が解約返戻金に反映されるため、市場金利の変動により解約返戻金が払込保険料の総額を下回ることがあり、損失が生ずるおそれがあります。具体的には、中途解約時の市場金利が契約時と比較して上昇した場合には、解約返戻金は減少し、逆に、下落した場合には増加することがあります。詳しくは「市場価格調整（MVA）を利用した生命保険とは？」のページへ費用に関する留意点負担する諸費用のうち主なものは以下のとおりです。保険契約関係費契約時の初期費用や、保険期間中、年金受取期間中の費用等、契約の締結・維持・管理に 必要な経費です。資産運用関係費投資信託の信託報酬や、信託事務の諸費用等、特別勘定の運用により発生する費用です。解約控除契約日から一定期間内の解約の場合に積立金から控除される金額です(解約時のみ発生します)。※リスクの内容や、負担する諸費用やその料率は、商品によって異なりますので､詳しくは商品ごとのパンフレット、「契約締結前交付書面（【契約概要】および【注意喚起情報】からなります）」、｢ご契約のしおり｣等で確認しましょう。"
31,"外貨で保険料を払い込み、外貨で保険金などを受け取る生命保険です
現在、「終身保険」、「養老保険」、「個人年金保険」、「変額個人年金保険」などの一部に外貨建ての生命保険商品があります。この商品は、外貨（米ドルやユーロ、豪ドルなど）で保険料を払い込み、外貨で保険金や解約返戻金などを受け取る仕組みになっていますので、例えば、受け取った外貨を円に換算する際、為替変動の影響を受け、場合によっては、日本円で受け取る保険金額などが円ベースでの払込保険料の総額を下回る可能性もあります。このように、為替相場の変動によって影響を受けることを「為替リスク（為替相場の変動リスク）」といい、為替リスクは契約者または受取人に帰属します。外貨建ての生命保険を契約する場合、商品の仕組み（為替の変動によって将来受け取る保険金などの額がどのように変動するのか等）について、生命保険会社は書面を用いて説明することになっています。関連項目「Q.市場リスクを有する生命保険とは？」"
32,"解約時の市場金利に応じて解約返戻金が変動する生命保険です
現在、「個人年金保険」、「終身保険」、「養老保険」などの一部に市場価格調整を利用した生命保険商品があります。「市場価格調整（MVA：Market Value Adjustment）」とは、解約返戻金等の受け取りの際に、市場金利に応じた運用資産の価格変動が解約返戻金額に反映される仕組みのことです。具体的には、解約時の市場金利が契約時と比較して上昇した場合には、解約返戻金額は減少し、逆に、低下した場合には解約返戻金が増加します。したがって、市場金利の変動により解約返戻金が払込保険料の総額を下回ることがあり、損失が生ずるおそれがありますので注意が必要です。【市場価格調整を利用した保険（個人年金保険）の例】年金受取開始前に解約した場合関連項目「Q.市場リスクを有する生命保険とは？」"
33,"「逓増定期保険」「逓減定期保険」などがあります
死亡保険金が変動する保険としては、「逓増定期保険」「逓減定期保険」「収入保障保険（歳満了年金タイプ）」があります。また、死亡保険金額が資産運用実績によって変動する「変額保険」もあります。逓増（ていぞう）定期保険、逓減（ていげん）定期保険定期保険では死亡保険金が保険期間中一定で変わらない定額タイプ（平準定期保険）が一般的ですが、中には、契約後一定期間ごとに保険金額が増えていく「逓増定期保険」や、逆に保険金額が減っていく「逓減定期保険」もあります。通常、どちらの場合も保険期間中の保険料は一定です。逓増定期保険は、主に経営者向けの生命保険として取り扱われています。事業（会社）が順調に発展するにつれて、事業主の責任が重くなることなどに対応するものです。逓減定期保険は、期間の経過とともに子どもが成長するなど、遺族への責任が軽くなっていく点に着目した保険です。なお、この2つの保険を「特約」として取り扱う生命保険会社もあります。（例）逓増定期保険一定期間が経過するごとに、保険金額が逓増していくタイプ（例）逓減定期保険一定期間が経過するごとに、保険金額が逓減していくタイプ収入保障保険被保険者が死亡した場合、一時金ではなく年金で受け取れるのが「収入保障保険」です。死亡時から契約時に定めた満期まで年金が受け取れるタイプが一般的です。このタイプは、死亡する時期によって年金の受取総額が変わります。なお、年金受取回数には最低保証があり満期時までの年金受取回数が最低保証に満たない場合、最低保証分を受け取れます。期間の経過とともに保険金額が減る点では、逓減定期保険に似た仕組みです。死後にまとまった資金が必要なら逓減定期保険、遺族の生活費などとして継続的に受け取りたいなら収入保障保険などと、使途に応じて選択することも考えられます。この保険を「収入保障特約」「生活保障特約」などの名称で特約として取り扱う生命保険会社もあります。特約には、年金の受取期間が死亡時期にかかわらず10年などあらかじめ決まっている「確定年金タイプ」と、死亡時から保険期間満了時までの期間を受取期間とする「歳満了年金タイプ」があります。「歳満了年金タイプ」の年金受取回数には最低保証があります。（例）収入保障保険変額保険変額保険とは、資産運用の実績に応じて、保険金や解約返戻金が変動する保険です。詳しくは「変額保険」のページへ"
34,"契約者のニーズに合わせて必要な保障を自由に組み合わせることができる商品です
自由に組み合わせることができる商品として、「組立型の保険」と「利率変動型積立（終身）保険」があります。組立型の保険死亡保障や医療保障などの保障機能を持つ保険・特約を自由に組み合わせることができる商品です。生命保険会社によって、定期保険、医療保険、介護保険などの「複数の主契約を組み合わせる」タイプと定期保険特約、医療関係特約、介護特約などの「複数の特約だけで保障を組み合わせる」タイプがあります。取り扱う保障の種類や内容は生命保険会社によって異なります。契約後、必要に応じて新たな種類の主契約や特約を追加したり、今までの主契約や特約を別の種類に変更したりすることができます。保障の範囲や金額が大きくなる場合は新たに診査や告知が必要になり、保険料はその時の年齢・料率によって計算されます。組立型の保険のイメージ図利率変動型積立（終身）保険資金を積み立てる機能を持つ保険と、死亡保障や医療保障などの保障機能を持つ特約（保険）を自由に組み合わせることができる組み合わせ商品です。 積立部分が主契約となるため、名称は「利率変動型積立保険」または「利率変動型積立終身保険」ですが、「アカウント型」とも呼ばれています。 積立部分を活用することで、契約後の状況の変化に応じて柔軟に保障の見直しをしたり、払い込む保険料を調整したりすることができます。保障機能を組み合わせる仕組は組立型の保険と同様です。利率変動型積立（終身）保険のイメージ図資金を積み立てる機能保険料払込期間満了後はその時の積立金をもとにして、一定の金額の範囲で、その時の健康状態にかかわらず終身保険や年金などに移行できる商品もあります。適用される予定利率は市場の金利動向に応じて一定期間ごとに見直されて変動します。見直しの期間は「3年ごと」「毎年」「毎月」があり、生命保険会社によって異なります。積立金は毎月の保険料から積み立てるほか、一時金を投入することによって積み増すこともできます。積立金を必要に応じて引き出すこともできます。引き出す場合には、手数料がかかることもあります。保険料を変えずに保障内容を変更することができます。保険料は、積立部分と保障部分の保険料から成り立っていますので、保障を減らしてその分の保険料を積立部分に振り分けたり、保障を増やして積立部分への保険料を減らすこともできます。積立金がある程度蓄積されていれば、保障内容を変えずに、払い込む保険料の金額を減らしたり、保険料の払い込みを中止したりすることもできます。この場合、積立金を取り崩して保障部分の保険料に充当することになります。所定の期限までに保険料の払い込みがない場合は、積立金を取り崩して保険料に充当します。積立金が少ない状態で保険料の払い込みが期限に間に合わないと、契約の失効につながる可能性があります。"
35,"無選択型保険を取り扱う生命保険会社があります
いわゆる「無選択型」といわれる保険で、現在「終身保険」や「個人年金保険」などで取り扱われています。通常、生命保険を契約する際には、健康状態などに関する告知または医師による診査が必要ですが、この保険では告知や医師による診査は必要ありません。一般的な商品と比べて、次のような違いがあります。無選択型保険の特徴終身保険契約後2年間など一定期間内に病気により死亡した場合は、死亡保険金ではなく既に払い込んだ保険料相当額が受け取れます。なお、災害死亡の場合は、契約当初から死亡保険金が受け取れます。契約できる死亡保険金額は比較的少額で、契約できる年齢も、生命保険会社によって異なりますが、比較的高く設定している会社が多くなっています。また、保険料の払込期間を一生涯としている商品が多くなっています。医療関係の特約を付加することはできません。保障内容が同じで診査・告知などを必要とする保険よりも、保険料は割高となります。個人年金保険個人年金保険の場合、通常は保険料払込期間中に所定の高度障害状態などに該当すると以後の保険料払込みが免除となりますが、無選択型の個人年金保険では「保険料免除」の取扱いがありません。"
36,"契約時期によって影響が異なります
2010(平成22)年4月1日に「保険法」が施行されました。この法律の規定は、原則施行の日以降に契約した生命保険に適用されます。ただし、一部の規定は施行の日より前に締結した保険契約にも適用されます。2010(平成22)年4月以降に結んだ契約には、2010(平成22)年4月以降に主契約の更新を迎えた契約も含みます。実際は、法律にもとづいて改訂・作成された約款によって契約上の具体的な権利や義務が定まります。「保険法の概要」についてはこちら2010(平成22)年3月までに結んだ保険契約にも適用される主な事項保険金・給付金等の支払時期保険金・給付金などを請求した際に、生命保険会社は支払いに必要な事項の確認や、それに伴う特別な調査を行うことがあります。今回、約款には確認を必要とする具体的な場合ごとに、支払期限が明示されました。正当な理由なく期限後に支払われるときは、保険金などとあわせて一定の遅延利息が支払われます。重大事由による解除保険制度の健全な運営を維持するために、「保険金を得る目的で、故意に保険事故を起こした」などの重大な事由が生じた場合には、生命保険会社は保険契約を解除することができると保険法で規定されました。これまでも、生命保険会社の約款で「重大事由による解除」として定められていましたが、「保険法」の内容にそって、より明確なものになりました。保険金受取人による契約の存続契約者の債権者などが保険契約を差し押さえて、債権の回収を目的に保険契約の解約を生命保険会社へ請求することがあります（例えば、国が税金の滞納処分をするなど）。解約されると保険契約は消滅し、その後の遺族等の生活保障機能が失われることになります。このような場合、保険金受取人は契約者の同意を得て、1カ月以内（解約請求の通知が生命保険会社に到着した日の翌日から）に、解約返戻金相当額を債権者等へ支払うことによって、保険契約を存続させることができるようになりました。2010(平成22)年4月以降に結んだ保険契約に適用される主な事項保険料の返還について保険料の払込方法が「半年払・年払」の場合、2010(平成22)年3月以前の契約では、解約などで保険契約が消滅したときには、未経過分の保険料は返還されませんでした。2010(平成22)年4月以降の契約では、未経過の月数に対応する保険料相当額が契約者（保険金受け取りの場合は受取人）に返還されるようになりました。ただし、生命保険商品によっては、保険料相当額が返還されないものがあります。なお、「一時払」の契約については、保険料の返還はありません。「半年払・年払保険料の取扱い」についてはこちら遺言による保険金受取人の変更について契約時に定めた保険金受取人の変更方法については、｢遺言による方法」が加わりました。遺言で保険金受取人を変更する場合は、（1）契約者が被保険者の同意を得ていること、（2）法律上有効な遺言であることなどが必要です。生命保険会社に受取人変更の通知（遺言の場合、相続人が通知）が到着する前に、変更前の受取人に保険金が支払われた場合、そのあとに変更後の保険金受取人からの請求があっても保険金は支払われません。告知義務違反について生命保険を契約する際、契約者または被保険者は、保険金や給付金などの支払事由が発生する可能性に関する重要な事項のうち、書面または医師から口頭で求められた質問事項に対して告知する義務があります。故意または重大な過失で、このような事実を告知しないなどの場合には告知義務違反となり、生命保険会社はその契約を解除することができます。ただし、営業職員などが事実の告知をしないことや、事実でないことを告知するよう勧めた場合などには、生命保険会社は契約を解除できないことが定められました。被保険者からの契約者に対する解約の請求契約者と被保険者が異なる場合に、重大事由に該当するときや、契約者との離婚によって、被保険者が契約申込みの同意をした際の事情が大きく変わったときなどに、被保険者が契約者に対して解約するよう請求することができるようになりました。生命保険会社は、契約者あてに約款の改訂内容を送付したり、ホームページで公開するなどの対応をしています。また、2010（平成22）年4月以降に生命保険を契約する際の約款は、改訂後の内容になっています。取扱いや手続きは、生命保険会社や保険商品ごとの約款によって異なりますのでよく確認しましょう。"
37,"新旧生命保険会社名を一覧で確認できます
合併などによって社名が変更となり、保管している保険証券などに記載された生命保険会社名が現在見当たらない場合があります。（一社）生命保険協会のホームページでは、「生命保険会社の新旧会社名一覧」および「生命保険会社の変遷図」をご覧いただけます。契約内容の変更・問い合わせや保険金・給付金の請求手続きは、合併後・契約引き継ぎ後の生命保険会社に対して行うことができます。生命保険会社新旧社名一覧（生命保険協会のホームページ）（新規ウィンドウ表示）"
38,"銀行などの金融機関は生命保険会社の代理店として生命保険を窓口で販売しています
生命保険は、銀行や信用金庫など生命保険会社以外の金融機関の窓口でも販売されていることがあります。これが生命保険の「窓口販売」や「窓販」などといわれるものです。銀行などは保険代理店として保険加入者と生命保険会社の間をとりもつ（媒介する）だけです。銀行などで加入しても、実際に契約を引き受けるのは生命保険会社になりますので、生命保険会社の「保険商品」に加入することになります。銀行などが独自に取り扱う預金商品とは違いますので、契約前に内容をよく確認しましょう。生命保険と預貯金とで次のような相違点があります生命保険では所定の受取事由に該当したときに保険金や年金などを受け取れます。普通預金などのように「必要なときに必要額を自由に払い出せる」わけではありません。生命保険では、払い込んだ保険料の累計額よりも、解約時に受け取る解約返戻金が少ない場合があります。生命保険会社が破綻した場合、各契約について破綻時の責任準備金の原則90%までが保証されます(1,000万円までの元本とその利息が保護される預貯金とは仕組みが異なります)。死亡保険金には、遺族の生活を守る支えという意味合いで税制上の優遇措置があります。預貯金などの場合は相続財産として死亡時の残高が相続税の対象となります。"
39,"自己負担割合や限度額は人によって異なります
病気やケガで治療を受けたときの医療費については、すべて自己負担となるわけではありませんが、公的な医療保険制度を基本として、不足があれば準備しておくと、いざというとき安心です。公的医療保険による自己負担は、実際にかかった医療費の一部分です。具体的な自己負担は、下記のとおりです。公的医療保険の自己負担割合年齢や所得に応じて、自己負担割合が異なります。なお、子どもの医療費は市区町村ごとに「小学校卒業まで」「中学校卒業まで」など、自己負担部分に対する補助があります。詳細は各自治体の窓口などで確認しましょう。75歳以上の「一定以上所得のある人」は２割負担に2 割負担となる人には、2025（令和7）年9 月末までの間、外来医療（入院は対象外）の自己負担増加額を最大3,000 円／月までに抑える配慮措置が適用されます。高額療養費制度について医療費の一部を負担すればよいといっても、入院・手術などをしたときは自己負担が高額になることもあります。このような場合の負担が軽くなるよう、「高額療養費制度」があります。高額療養費制度についてはこちら"
40,"保険期間や保険料払込期間、保障内容などが主なポイントになります
医療保険を選ぶ際は、保険期間や保険料払込期間、入院給付金のタイプや給付内容などをよく検討して選ぶことが重要です。ポイントとして整理すると、次のようになります。医療保険を選ぶポイントポイント1：保険期間と保険料払込期間を選ぶ。保障が続く期間を保険期間といいます。保険期間には、10年、20年などの年数で決まる「年満了(更新)タイプ」70歳、80歳までなど年齢で決まる「歳満了タイプ」一生涯保障が続く「終身タイプ」があります。保険期間のタイプ定期型終身型年満了（更新）タイプ歳満了タイプ終身タイプ保険料更新ごとに高くなる払込満了まで一定保険料は一定（有期払・終身払がある）保険期間生命保険会社の定める年齢まで更新できる。80～90歳まで更新できるのが一般的。契約当初に定めた年齢。60～80歳までが多いが90歳、100歳満了タイプの会社もある。一生涯◆更新タイプの保険料は更新時に再計算されます。年齢が上がることなどによって、通常、更新ごとに保険料が高くなりますが、契約当初の保険料負担は抑えられます。歳満了タイプ、終身タイプの保険料は一定です。◆保険料の払い込みがいつまで続くのか、払込期間もポイントです。終身タイプの場合、保険料払込期間は「有期払」、「終身払」があります。「有期払」は何歳まで払い込むかを決めます。「終身払」は、保険料の払い込みが一生涯続きますが、月々の負担は「有期払」に比べて軽くなります。ポイント2：入院給付金のタイプから選ぶ。入院給付金は、入院1日につき10,000円などの日額を設定するものが一般的です。日額×入院日数分を受け取れるもののほか、タイプ①・②のようなものもあります。また、タイプ③のように日額ではなく一時金を設定するものもあります。◆支払対象となる入院（何日入院したら入院給付金が受け取れるか）入院給付金・入院一時金には、「日帰り入院型」と「1泊2日型」があります。「日帰り入院型」は、1日以上入院したとき、1日目から入院給付金が受け取れます。「1泊2日型」は継続して2日以上入院したとき、1日目から入院給付金が受け取れます。ポイント3：1入院の支払限度日数や通算の支払限度日数・支払限度回数などを選ぶ。「災害入院給付金」、「疾病入院給付金」、「入院一時金」などは一般的に給付金ごとに1入院での支払限度日数（回数）や保険期間中の通算支払限度日数（回数）が設けられており、その範囲内で受け取れます。日額で設定しているものは「災害入院給付金」、「疾病入院給付金」と分かれていますが、一時金で設定しているものは災害で入院しても、疾病で入院しても同じ給付金（入院一時金）となっているものが多くなっています。なお、通算支払日数（回数）は契約を更新しても引き継がれます。がんや三大疾病（がん・急性心筋梗塞・脳卒中）で入院した場合など特定の病気で入院した場合には、支払限度日数が延びるものや無制限になるものがあります。入院一時金について入院日数が短期化し、日帰り入院や短期入院も増えています。入院一時金は入院中だけでなく、入院前後の通院治療や入院することでかかる諸費用などにも備えられる保障です。ポイント4：さらに以下の内容についても検討する。特定の場合の保障を厚くするかどうか？生活習慣病（成人病）入院特約、女性疾病入院特約、がん入院特約、先進医療特約などの特約を付加することができる場合があります。主契約の給付内容に組み込まれている場合や、特約があらかじめセットされている場合もあります。解約返戻金の有無（無しの場合、保険料が安くなります）を決める。死亡保険金の有無（無しの場合、保険料が安くなります）を決める。手術給付金について手術給付金は医療保険の保障に組み込まれているのが一般的です。手術給付の対象となる手術は、以前は「88種類の所定の手術を対象とするタイプ」が一般的でしたが、最近は「公的医療保険制度の対象手術を保障するタイプ」が主流となっています。＜公的医療保険制度の対象手術を保障するタイプの例＞公的医療保険の対象となる手術（一部を除く）で、入院を伴う場合は入院給付金日額の20倍、入院を伴わない場合は5倍の給付金が受け取れる。＊給付倍率などは商品によって異なります。関連項目「Q.もし病気が再発してまた入院したら、入院給付金は受け取れるの？」「Q.手術したのに手術給付金が受け取れないのはなぜ？」"
41,"入院基本料などの支払いの有無により決められます
日帰り入院で入院給付金が受け取れる「医療保険」や「医療特約」がありますが、「通院」と「日帰り入院」はどう違うのでしょうか。「通院」とは、医師による治療が必要なため、外来や往診によって治療を受けることをいいます。一方、「日帰り入院」とは、入院基本料などの支払いが必要となる入院日と退院日が同一の入院をいいます。例えば、深夜3時頃緊急入院をしたが容態が落ち着いたため、その日の夕方に退院した場合などが該当します。「通院」か「日帰り入院」かは、一般的には、病院が発行する領収証に「入院料等」（★印）の診療報酬点数があるかどうかで確認できます。ただし、入院ではなく外来で手術したときに「入院料等」に診療報酬点数が記載されるケース等もありますので、詳細は病院に確認しましょう。"
42,"女性特有の病気などで入院した場合に給付金が受け取れます
取り扱っている生命保険会社によって保障内容は若干異なる場合がありますが、「女性疾病入院特約」は主に女性特有の病気、あるいは女性で発生率の高い所定の病気を中心に保障します。具体的には、子宮・乳房の病気や甲状腺の障害、がん、貧血、低血圧、胆石症、関節リウマチ、分娩の合併症などで入院した場合に、入院給付金を受け取れます。一般的には医療保険に付加したり、総合医療特約や疾病入院特約と一緒に付加したりします（手術給付金が受け取れる会社もあります）。"
43,"それぞれ対象となった疾病で入院した場合に入院給付金などが受け取れます
「生活習慣病（成人病）入院特約」、「がん入院特約」とも取り扱っている生命保険会社によって保障内容は若干異なる場合がありますが、主な保障内容は次のとおりです。生活習慣病（成人病）入院特約「がん」、「心疾患」、「脳血管疾患」、「高血圧性疾患」、「糖尿病」など所定の生活習慣病で入院したとき、入院給付金を受け取れます。一般的には医療保険に付加したり、総合医療特約や疾病入院特約と一緒に付加したりします（手術給付金が受け取れるものもあります）。生活習慣病特約は、①がん、②心疾患、③脳血管疾患、④高血圧性疾患、⑤糖尿病の5つを対象としているものが一般的ですが、七大生活習慣病（⑥肝疾患、⑦腎疾患）や八大生活習慣病（⑧膵疾患）を対象としているものもあります。がん入院特約「がん」で入院したとき、入院給付金を受け取れます。一般的には医療保険に付加したり、総合医療特約や疾病入院特約と一緒に付加したりします（手術給付金が受け取れるものもあります）。「がん特約」として、入院給付金のほか、手術給付金、がん診断給付金などが受け取れる特約を取り扱っている生命保険会社もあります。疾病入院給付金や生活習慣病（成人病）入院給付金には、1入院支払限度日数や通算支払限度日数がありますが、がん入院給付金は無制限のものが多くなっています（限度日数があるタイプもあります）。がん保険と同様に契約してから90日経過後に保障が開始されるものと、すぐに保障が開始されるものがあります。がんの種類によっては一部対象とならないものもありますので、「ご契約のしおり－（定款）・約款」などでよく確認する必要があります。複数の特約を同時に付加している場合の給付複数の特約を同時に付加している場合、それぞれの給付に該当した場合は、それぞれの特約から給付金を受け取れます。＜例＞医療保険（災害・疾病入院給付金　日額5,000円）に次の特約を付加生活習慣病（成人病）入院特約がん入院特約（日額　5,000円）（日額　5,000円）がん、心疾患、脳血管疾患、高血圧性疾患、糖尿病で入院した場合は、「疾病入院給付金」「生活習慣病（成人病）入院給付金」が受け取れますので、合計で日額10,000円を受け取ることができます。がんで入院した場合は、「疾病入院給付金」「生活習慣病（成人病）入院給付金」「がん入院給付金」が受け取れますので、合計で日額15,000円を受け取ることができます。"
44,"がん、急性心筋梗塞、脳卒中の三大疾病で所定の状態になったときなどが給付対象です
取り扱っている生命保険会社によって保障内容は若干異なりますが、一般的には保険の対象者である被保険者が死亡したとき、高度障害状態になったとき、または特定疾病（「がん」「急性心筋梗塞」「脳卒中」）により所定の状態などになったときに保険金が受け取れます。なお、いずれかの原因で保険金を受け取ると契約は消滅します。例えば「がん」で保険金を受け取った後に死亡した場合、重ねて保険金を受け取ることはできません。特定疾病の所定の状態などを詳述すると、一般的には以下のとおりになります。生命保険会社によってその取扱いは若干異なりますので注意が必要です。がん（悪性新生物）がんの保障開始後に初めてがんにかかったと医師によって診断確定されたとき（上皮内がん・皮膚がんは除く。ただし、皮膚の悪性黒色腫は対象）。なお、一般的に契約してから90日以内のがん（または乳がん）については保障の対象外。急性心筋梗塞契約後に急性心筋梗塞になり、医師の診療を受けた初診日から60日以上労働が制限される状態※が継続したと医師によって診断されたとき（狭心症などは含まない）。急性心筋梗塞の治療のための手術を受けたとき。※軽い家事などの軽労働や事務などの座業はできるが、それ以上の活動では制限を必要とする状態。脳卒中（くも膜下出血・脳内出血・脳梗塞）契約後に脳卒中になり、医師の診療を受けた初診日から60日以上、言語障害・運動失調・まひなどの神経学的後遺症が継続したと医師によって診断されたとき。脳卒中の治療のための手術を受けたとき。特定疾病保障特約についてがん・急性心筋梗塞・脳卒中により所定の状態に該当したとき、保険金や給付金を受け取れます。回数無制限で受け取れるもの（1 〜 2 年に 1 回を限度）、通算支払限度回数が 5 回・10 回などのもの（1 年に 1 回が限度）、支払事由ごとにそれぞれ 1 回ずつ受け取れるものなどがあります。特定疾病ではない理由で死亡・高度障害になったとき、特定疾病保険金額と同額の死亡・高度障害保険金を受け取れるものもあり、その場合はいずれかの保険金を受け取った時点で特約は消滅します。"
45,"告知項目が3～5項目程度に限定された保険です
「限定告知型保険」「引受基準緩和型保険」「選択緩和型保険」などと呼ばれており、従来の告知・診査を必要とする医療保険に契約できなかった人も、所定の告知項目に該当しなければ一般的に契約できる医療保険です。主な告知項目は下記のとおりで、１つも該当が無ければ原則として契約できます（生命保険会社により、告知項目が異なります）。健康状態に関する告知項目の例過去2年以内に入院・手術をしたことがある過去5年以内にがんで入院・手術をしたことがある今後3カ月以内に入院・手術の予定がある現時点でがん・肝硬変と医師に診断または疑いがあると指摘されている現在までに公的介護保険の要介護認定を受けたことがある終身タイプ・契約後1年間は給付が半額になるタイプ※の例※契約後1年間は、給付金額が半額になるなど保障内容に制約があるものがあります。契約前からかかっていた病気の悪化や、治療歴のある病気の再発・悪化も支払いの対象となります。ただし、契約前に医師から勧められている入院・手術は支払い対象外です。通常の医療保険に比べて保険料が割高です。健康状態に不安がある場合でも、まずは通常の医療保険に契約できるかを確認してみましょう。既往症が悪化して入院・手術給付金が支払われる例契約前契約後糖尿病のため通院でインスリン治療中糖尿病が悪化し糖尿病性網膜症で入院・手術をした場合関連項目「Q.健康状態に問題があると、生命保険は契約できないの？」"
46,"入院時の支払限度日数や、給付額、保障内容など様々です
医療保険については、「日帰り（0泊1日）」や「1泊2日」など短期の入院で給付金が受け取れるものが多くなっています。給付額については、1日だけの入院でも5日分などの入院給付金を受け取れるものや、入院給付金とは別に上乗せで一時金が受け取れるもの、日額の給付はなく一時金のみを受け取れるものなどがあります。また、入院給付金には1入院支払限度日数や通算支払限度日数がありますが、特定の病気で入院した場合、支払限度日数が延びたり無制限になったりするものなどもあります。医療保障商品の多様化が進むなか、特徴的なものとして、健康に関する取組みなどで保険料に影響があるものや、認知症を保障するものなど以下のようなものがあります。関連項目「Ｑ.医療保険を選ぶときのポイントは？」"
47,"入院途中でもそれまでの入院期間分の入院給付金を請求できます
入院給付金は、入院途中でもいったんそこまでの入院期間に相当する入院給付金を請求することができます。この場合は、退院後に残りの入院給付金を請求することになります。ただし、その都度必要書類の提出が必要になり、診断書も通常有料（5,000円～10,000円程度）になるため、まとめて請求した方が少ない費用で済むという面もあります。入院途中に請求した場合、その後の入院期間分の入院給付金などについて請求もれが生じないよう留意しましょう。すべての入院で診断書が必要となると、入院期間が短ければ、受け取る入院給付金に対して診断書代が割高です。そのため、所定の条件をすべて満たす場合には診断書の添付を不要としている生命保険会社が多くなっています。診断書の提出が不要になる条件の例入院日数が30日以下や、給付金額が10万円以下などであること契約後2年以上経過していること（2年未満は条件付で可能な場合もある）手術給付金を受け取る手術を受けていないこと入院日から退院日までの記載のある医療費領収証やそのコピーを添付すること　　など上記の条件は生命保険会社によって異なるので、確認しましょう。診断書を提出のうえ請求したにもかかわらず、全く保険金・給付金の支払い対象とならなかった場合には、診断書取得費用相当額を支払う取扱いを行っている生命保険会社もあります。関連項目「Q.入院給付金を請求するとき、どんな手続きがいるの？」"
48,"1入院支払限度日数と通算支払限度日数の範囲で受け取れます
医療保険、医療関係特約ともに、同じ病気を原因として再入院した場合は、一般的に前回の入院とあわせて「継続した1回の入院」として扱われます。入院給付金を受け取れるのは、前後の入院を合わせて1入院の支払限度日数までです。ただし、前回入院の退院日の翌日から一般的に180日を経過して再入院した場合は、別入院（新たな入院）として扱われます。異なる病気で入院した場合前回の退院日の翌日から180日以内に「異なる病気＊」で入院した場合は、「別入院」として扱われる商品「継続した1回の入院」として扱われる商品があります。2 の場合は、病気の種類を問わず180日以内の再入院は「継続した1回の入院」となります。上記の図の例であれば、1.「別入院」の場合は、それぞれ1入院支払限度日数内のため40日＋30日の合計で70日分の入院給付金が受け取れます。2.「継続した1回の入院」の場合は、1入院支払限度日数の60日分の入院給付金が受け取れます。＊病名が異なっていても、医学上関連があれば同じ病気とみなされる場合があります。入院給付金を一時金で受け取るタイプの商品日額の給付はなく、一時金のみを受け取れるタイプのものがあります。給付限度は1入院に1回とするものや、経過日数に応じて複数回（例えば入院1日目、30日目、60日目、90日目など）受け取れるものなどがあります。日額の給付がある商品では、一般的に災害入院給付金・疾病入院給付金があり、それぞれに1入院支払限度日数や通算支払限度日数がありますが、一時金タイプの商品では「入院給付金（一時金）」などとして一本化しているものが一般的です。通算支払限度回数は生命保険会社や商品によって異なりますが、50回・100回などとなっています。一時金タイプの商品でも、再入院した場合1入院とみなされることがあります。生命保険会社や商品によって異なりますが、入院給付金の支払対象となった入院の退院日の翌日から60日以内・180日以内の入院などとなっています。なお、一般的にケガや病気など入院の原因にかかわらず1入院とみなします。"
49,"まず生命保険会社に連絡し、必要書類を整え、提出してください
生命保険会社では、連絡がない限り被保険者が入院・手術を受けた事実を把握できません。このため、被保険者が入院・手術をした場合は、加入している生命保険会社の担当者、営業所・支社、サービスセンター・コールセンターなどに、できるだけ早く連絡することが必要です。生命保険会社のホームページから、給付金の請求書類の請求や請求手続き自体をオンラインで完結できる場合があります。生命保険会社によって取扱いが異なるため、詳細は各生命保険会社のホームページなどをご確認ください。入院・手術給付金は受取人本人の請求によって支払われます。一般的に、入院・手術給付金の受取人は被保険者となっています。「指定代理請求人」などの代理人が指定されている場合は、代理人が請求できることもあります。入院給付金を請求する際の一般的な手順生命保険会社へ連絡する証券番号被保険者（保険の対象者）の氏名入院日などを知らせることで、生命保険会社の手続きがスムーズに運びます。加入している医療保険・特約によっては、支払い対象外となる場合があるため、連絡時には正式な「病名・入院日・退院（予定日）・手術日・手術名」などについても、可能な限りに伝えることが大切です。生命保険会社へ必要書類を提出する連絡を受けると、生命保険会社から請求に必要な書類「請求書・生命保険会社所定の診断書など（会社によって異なる）」の案内が届きますので、それに従って必要書類を整え、生命保険会社へ提出します。診断書は原則として生命保険会社所定のものを使用します。入院日数や支払われる入院給付金の合計額などに応じて診断書の添付を不要とする生命保険会社もあります。診断書の提出が不要になる条件の例はこちら生命保険会社による支払いの可否判断、給付金受取生命保険会社では書類をチェックし、支払対象かどうかを判断します。支払の対象と判断された場合、給付金を受け取れます。なお、生命保険会社は約款に「原則的な場合」「確認が必要な場合」等に分けて保険金・給付金の支払期限を定めています。支払期限経過後に支払われる場合はあわせて遅延利息を支払います。給付金の請求権の時効は、約款で一般的に3年と定められています。＜受取りの内容・金額の明細確認＞給付金などは受取人指定の金融機関口座に振り込まれます。生命保険会社から給付金など受け取りの内容・金額の明細書が送付されますので、内容を確認しましょう。関連項目「Q.入院していても、入院給付金などを請求できるの？」「Q.指定代理請求制度って、どんな制度なの？」"
50,"保障が始まる前の病気やけがによる手術、治療を目的としていない手術などは給付の対象外です
医療保険や、手術保障のある特約を付加した生命保険を契約していると、どんな手術をしても手術給付金を受け取れると考える人がいるかもしれません。しかし、それは違います。例えば、保険による保障が始まる前（責任開始期前）に発生していた病気やケガを原因として責任開始後に行った手術は、原則として給付の対象外です。また、次のような場合も給付の対象外となり、手術給付金を受け取れません。治療を目的としていない手術を受けた場合例えば、美容整形、病気が直接の原因でない不妊手術は、治療を直接の目的としていないため、一般的には手術給付金を受け取れる手術には当てはまりません。診断や検査（生検や腹腔鏡検査など）のための手術も同様です。約款に記載されていない手術を受けた場合手術給付金を受け取れるのは、治療を直接の目的として、約款に記載されている手術をした場合です。給付の対象になる手術は、契約している生命保険会社や商品、契約した時期によって異なることがあります。最近は、公的医療保険対象の手術を手術給付金の対象とするタイプが増えてきています。＜公的医療保険対象の手術を対象とする商品の例＞疾病または傷害の治療を目的とし、以下の条件に合致する手術・放射線治療が対象・公的医療保険制度における「医科診療報酬点数表」に「手術料」の算定対象として列挙されている手術・公的医療保険制度における「医科診療報酬点数表」に「放射線治療料」の算定対象として列挙されている放射線治療※入院中に受けた手術：　入院給付金日額の10倍上記以外の手術　　：　入院給付金日額の5倍放射線治療　　　　：　入院給付金日額の10倍一般的に創傷処理や抜歯手術などの軽微な手術を除外していますが、除外の対象となる手術は生命保険会社により異なるため、契約している生命保険商品の約款を確認しましょう。※放射線治療について放射線治療は医科診療報酬点数表で放射線治療料の算定対象となるため、一般的に「手術給付金」ではなく、「放射線治療給付金」として受け取れます。商品によっては手術給付金として受け取れるものもあります。また、約款のなかで「別表」として88種類の手術が列記されている場合もあります。手術の種類に応じた金額（入院給付金日額に対する倍率）も併せて列記され ています。＜88種類の所定の手術を対象とする商品の例＞帝王切開娩出術　　　：入院給付金日額の10倍甲状腺手術　　　　　：入院給付金日額の20倍胃切除術　　　　　　：入院給付金日額の40倍新生物根治放射線照射：入院給付金日額の10倍…など88種類の手術について列記関連項目「Q.医療保険を選ぶときのポイントは？」"
51,"原則80歳まで継続することができます
終身保険（主契約）の保険料払込期間は60歳、65歳までなど契約時に決めて契約します。例えば、60歳払込満了として契約した場合、終身保険部分の保険料は60歳で払込みが終了します。ただし、付加している特約部分の保険料は60歳までの分の払込みとなっているのが一般的です。そのため、災害入院特約や疾病入院特約など医療特約の継続を希望する場合には、通常、主契約の保険料払込満了時に特約の保険料を一括して前納、もしくは分割払（複数年前納、年払等）により払い込む必要があります。なお、特約の全期間の保険料を主契約の保険料払込期間に合わせて払い込むように計算している商品もあります。その場合、主契約保険料払込満了後の特約保険料の払込みは必要ありません。終身保険や個人年金保険の終身年金に医療特約等を付加した場合は、原則80歳まで（生命保険会社によっては一生涯）継続することができます。※一括前納する特約保険料はまとまった金額となりますので、事前に目安額を確認して、準備しておきましょう。※特約保険料の払込みが所定の期限に間に合わないと、特約の保障は消滅し、元に戻すことができないという取扱いがありますので、注意が必要です。"
